{
    "daily_rsi_buy": 49.47970054265932, 
    "daily_rsi_sell": 74.20245423755985, 
    "weekly_rsi_buy": 50, 
    "weekly_rsi_sell": 85.95381768656104, 
    "fg_buy": 50, 
    "fg_sell": 100, 
    "volume_change_buy": -1.0, 
    "volume_change_sell": 0.16481778240323272, 
    "w_buy": 3.0, 
    "w_sell": 2.123983464593196
}
