{"version": "2.5", "parameters": {"fg_buy": 39.97270201433807, "fg_sell": 62.28614991861997, "daily_rsi_buy": 34.0045158954899, "daily_rsi_sell": 84.75187066086207, "weekly_rsi_buy": 20.894204437764316, "weekly_rsi_sell": 78.25353627469234, "volume_change_strong_buy": 1.2185371753912648, "volume_change_weak_buy": 0.1, "volume_change_sell": -0.7615858434474652, "w_strong_buy": 3.9488111849788394, "w_weak_buy": 1.0167874615490464, "w_sell": 3.4864868395766546, "stochastic_buy": 35, "stochastic_sell": 76.36647705598237, "obv_weight": 0.650552570911256, "bb_width_weight": 1.461775358276976, "short_rsi_buy": 15.127778831986374, "short_rsi_sell": 66.24448289600967, "bb_width_low": 0.09424923796904397, "bb_width_high": 0.25, "w_short_buy": 1.211477532170633, "w_short_sell": 1.3188611874439462}}
